Id,Position,First Name,Nickname,Last Name,FPPG,Played,Salary,Game,Team,Opponent,Injury Indicator,Injury Details,Tier,,,Roster Position
125062-157808,PG,Cade,Cade Cunningham,Cunningham,51.24666748046875,30,10500,MIA@DET,DET,MIA,,,,,,PG
125062-145331,PG,Tyrese,Tyrese Maxey,Maxey,51.88620521282328,29,10300,PHI@DAL,PHI,DAL,,,,,,PG
125062-15755,C/PF,Anthony,Anthony Davis,Davis,44.45624923706055,16,10200,PHI@DAL,DAL,PHI,,,,,,PF/C
125062-157908,C/PF,Alperen,Alperen Sengun,Sengun,48.10769418569711,26,10100,HOU@BKN,HOU,BKN,Q,Calf,,,,PF/C
125062-67026,SF/SG,Jaylen,Jaylen Brown,Brown,45.75333251953125,30,9700,BOS@SAC,BOS,SAC,,,,,,SG/SF
125062-9646,SF/PF,Kevin,Kevin Durant,Durant,40.06428745814732,28,9100,HOU@BKN,HOU,BKN,,,,,,SF/PF
125062-228113,PG/SG/SF,Cooper,Cooper Flagg,Flagg,36.91515003551137,33,8900,PHI@DAL,DAL,PHI,,,,,,PG/SG/SF
125062-84682,PF/SF,Michael,Michael Porter,Porter,40.80769230769231,26,8700,HOU@BKN,BKN,HOU,Q,Illness,,,,SF/PF
125062-49111,C,Joel,Joel Embiid,Embiid,39.057141985212056,14,8500,PHI@DAL,PHI,DAL,P,Knee,,,,C
125062-188405,SG/PG,Amen,Amen Thompson,Thompson,37.539998372395836,30,8400,HOU@BKN,HOU,BKN,,,,,,PG/SG
125062-49675,SG/PG,Derrick,Derrick White,White,37.88387175529234,31,8100,BOS@SAC,BOS,SAC,,,,,,PG/SG
125062-110312,SG/PG,Tyler,Tyler Herro,Herro,36,6,7800,MIA@DET,MIA,DET,O,Toe,,,,PG/SG
125062-9642,PG,Russell,Russell Westbrook,Westbrook,34.36363636363637,33,7700,BOS@SAC,SAC,BOS,,,,,,PG
125062-80817,C/PF,Bam,Bam Adebayo,Adebayo,36.5439990234375,25,7600,MIA@DET,MIA,DET,,,,,,PF/C
125062-16293,SF/SG,Norman,Norman Powell,Powell,35.45357186453683,28,7400,MIA@DET,MIA,DET,,,,,,SG/SF
125062-171779,C,Jalen,Jalen Duren,Duren,37.05,30,7300,MIA@DET,DET,MIA,,,,,,C
125062-110352,PF/SF,P.J.,P.J. Washington,Washington,32.71071515764509,28,7300,PHI@DAL,DAL,PHI,,,,,,SF/PF
125062-203730,C/PF,Kel'el,Kel'el Ware,Ware,31.796971176609848,33,7100,MIA@DET,MIA,DET,,,,,,PF/C
125062-9714,SF/PF,DeMar,DeMar DeRozan,DeRozan,32.09393865411932,33,7000,BOS@SAC,SAC,BOS,,,,,,SF/PF
125062-145335,PG/SG,Payton,Payton Pritchard,Pritchard,31.456249237060547,32,6900,BOS@SAC,BOS,SAC,,,,,,PG/SG
125062-12341,SF/PF,Paul,Paul George,George,30.719999186197917,15,6800,PHI@DAL,PHI,DAL,,,,,,SF/PF
125062-228133,SF/SG,VJ,VJ Edgecombe,Edgecombe,31.92222312644676,27,6700,PHI@DAL,PHI,DAL,,,,,,SG/SF
125062-49116,SF/PF,Andrew,Andrew Wiggins,Wiggins,32.00689697265625,29,6600,MIA@DET,MIA,DET,,,,,,SF/PF
125062-171767,PF/SF,Jabari,Jabari Smith,Smith,30.137931034482758,29,6600,HOU@BKN,HOU,BKN,,,,,,SF/PF
125062-110354,C,Nic,Nic Claxton,Claxton,34.310001627604166,30,6500,HOU@BKN,BKN,HOU,,,,,,C
125062-188422,SF/PF,Jaime,Jaime Jaquez,Jaquez,30.784374237060547,32,6300,MIA@DET,MIA,DET,,,,,,SF/PF
125062-203713,PG/SG,Reed,Reed Sheppard,Sheppard,27.413334147135416,30,6100,HOU@BKN,HOU,BKN,,,,,,PG/SG
125062-228166,C,Maxime,Maxime Raynaud,Raynaud,21.7760009765625,25,6000,BOS@SAC,SAC,BOS,,,,,,C
125062-171787,PF/SF,Keegan,Keegan Murray,Murray,32.131248474121094,16,5900,BOS@SAC,SAC,BOS,,,,,,SF/PF
125062-40783,SF/SG,Zach,Zach LaVine,LaVine,27.68695599099864,23,5900,BOS@SAC,SAC,BOS,O,Ankle,,,,SG/SF
125062-188426,SF/SG,Ausar,Ausar Thompson,Thompson,27.682758199757544,29,5800,MIA@DET,DET,MIA,,,,,,SG/SF
125062-157838,SG,Cam,Cam Thomas,Thomas,26.829998779296876,10,5700,HOU@BKN,BKN,HOU,,,,,,SG
125062-145819,SF/PF,Naji,Naji Marshall,Marshall,25.1147066004136,34,5600,PHI@DAL,DAL,PHI,,,,,,SF/PF
125062-40201,PG/SG,Dennis,Dennis Schroder,Schroder,26.807692307692307,26,5500,BOS@SAC,SAC,BOS,,,,,,PG/SG
125062-157826,SG/SF,Quentin,Quentin Grimes,Grimes,27.28620647561961,29,5500,PHI@DAL,PHI,DAL,,,,,,SG/SF
125062-188431,PF,Noah,Noah Clowney,Clowney,23.516666666666666,30,5400,HOU@BKN,BKN,HOU,,,,,,PF
125062-157812,PG,Davion,Davion Mitchell,Mitchell,25.89032179309476,31,5400,MIA@DET,MIA,DET,,,,,,PG
125062-14518,PF/SF,Tobias,Tobias Harris,Harris,24.23913043478261,23,5400,MIA@DET,DET,MIA,O,Hip,,,,SF/PF
125062-163978,PG,Brandon,Brandon Williams,Williams,22.8,30,5300,PHI@DAL,DAL,PHI,,,,,,PG
125062-110325,C,Daniel,Daniel Gafford,Gafford,22.43912937330163,23,5300,PHI@DAL,DAL,PHI,,,,,,C
125062-228109,PG/SG,Egor,Egor Demin,Demin,20.33571515764509,28,5200,HOU@BKN,BKN,HOU,O,Back,,,,PG/SG
125062-58153,SG/SF,Kelly,Kelly Oubre,Oubre,29.100001017252605,12,5200,PHI@DAL,PHI,DAL,O,Knee,,,,SG/SF
125062-157811,C,Neemias,Neemias Queta,Queta,26.906667073567707,30,5200,BOS@SAC,BOS,SAC,,,,,,C
125062-171769,SF/PF,Tari,Tari Eason,Eason,23.462499618530273,16,5100,HOU@BKN,HOU,BKN,Q,Illness,,,,SF/PF
125062-15557,C,Andre,Andre Drummond,Drummond,23.26551766231142,29,5000,PHI@DAL,PHI,DAL,,,,,,C
125062-171925,PF/C,Dominick,Dominick Barlow,Barlow,22.414286295572918,21,4900,PHI@DAL,PHI,DAL,,,,,,PF/C
125062-157839,C,Day'Ron,Day'Ron Sharpe,Sharpe,19.403448696794182,29,4800,HOU@BKN,BKN,HOU,,,,,,C
125062-171751,SF/SG,Max,Max Christie,Christie,20.603124618530273,32,4800,PHI@DAL,DAL,PHI,,,,,,SG/SF
125062-228129,SF/SG,Hugo,Hugo Gonzalez,Gonzalez,11.544444896556714,27,4700,BOS@SAC,BOS,SAC,,,,,,SG/SF
125062-145307,C/PF,Isaiah,Isaiah Stewart,Stewart,23.869999186197916,30,4700,MIA@DET,DET,MIA,,,,,,PF/C
125062-171792,PF,Nikola,Nikola Jovic,Jovic,18.636363636363637,22,4600,MIA@DET,MIA,DET,,,,,,PF
125062-203771,C,Adem,Adem Bona,Bona,14.078260338824728,23,4600,PHI@DAL,PHI,DAL,,,,,,C
125062-228722,PG,Ryan,Ryan Nembhard,Nembhard,17.052381243024552,21,4500,PHI@DAL,DAL,PHI,,,,,,PG
125062-84717,SG/PG,Anfernee,Anfernee Simons,Simons,20.184375762939453,32,4500,BOS@SAC,BOS,SAC,,,,,,PG/SG
125062-161553,SG,Dru,Dru Smith,Smith,18.52121249112216,33,4400,MIA@DET,MIA,DET,,,,,,SG
125062-228124,SG/SF,Nique,Nique Clifford,Clifford,13.031034272292565,29,4400,BOS@SAC,SAC,BOS,,,,,,SG/SF
125062-157807,C,Luka,Luka Garza,Garza,15.066666920979818,24,4400,BOS@SAC,BOS,SAC,,,,,,C
125062-23169,C,Steven,Steven Adams,Adams,20.82800048828125,25,4400,HOU@BKN,HOU,BKN,Q,Ankle,,,,C
125062-228700,C,Dylan,Dylan Cardwell,Cardwell,18.77777777777778,9,4300,BOS@SAC,SAC,BOS,,,,,,C
125062-145314,PF/C,Precious,Precious Achiuwa,Achiuwa,18.357691838191105,26,4300,BOS@SAC,SAC,BOS,,,,,,PF/C
125062-171780,SG/PG,Jaden,Jaden Ivey,Ivey,15.616667005750868,18,4200,MIA@DET,DET,MIA,,,,,,PG/SG
125062-203802,SG,Pelle,Pelle Larsson,Larsson,18.607407181351274,27,4200,MIA@DET,MIA,DET,O,Ankle,,,,SG
125062-85137,SG/SF,Duncan,Duncan Robinson,Robinson,20.799999606224798,31,4200,MIA@DET,DET,MIA,,,,,,SG/SF
125062-80816,SG/PG,Malik,Malik Monk,Monk,19.925000871930802,28,4200,BOS@SAC,SAC,BOS,,,,,,PG/SG
125062-110315,SF/SG,Terance,Terance Mann,Mann,19.753570556640625,28,4200,HOU@BKN,BKN,HOU,O,Hip,,,,SG/SF
125062-203762,PF/SF,Ronald,Ronald Holland,Holland,18.958064909904234,31,4200,MIA@DET,DET,MIA,,,,,,SF/PF
125062-188457,SF/SG,Jordan,Jordan Walsh,Walsh,18.348147922092014,27,4100,BOS@SAC,BOS,SAC,,,,,,SG/SF
125062-14509,SF/SG,Klay,Klay Thompson,Thompson,17.574193154611894,31,4100,PHI@DAL,DAL,PHI,,,,,,SG/SF
125062-203731,SG/PG,Jared,Jared McCain,McCain,15.28636308149858,22,4100,PHI@DAL,PHI,DAL,,,,,,PG/SG
125062-228111,PF/SF,Danny,Danny Wolf,Wolf,14.8125,16,4000,HOU@BKN,BKN,HOU,,,,,,SF/PF
125062-55059,C,Clint,Clint Capela,Capela,12.571428571428571,28,4000,HOU@BKN,HOU,BKN,Q,Illness,,,,C
125062-203812,PG,Daniss,Daniss Jenkins,Jenkins,14.58148193359375,27,4000,MIA@DET,DET,MIA,,,,,,PG
125062-157843,SF/SG,Ziaire,Ziaire Williams,Williams,15.715999755859375,25,4000,HOU@BKN,BKN,HOU,,,,,,SG/SF
125062-171669,SG/SF,Keon,Keon Ellis,Ellis,12.506452006678428,31,4000,BOS@SAC,SAC,BOS,,,,,,SG/SF
125062-23798,SG/SF,Caris,Caris LeVert,LeVert,17.642308161808895,26,4000,MIA@DET,DET,MIA,O,Knee,,,,SG/SF
125062-188427,PG,Marcus,Marcus Sasser,Sasser,10.8,5,3900,MIA@DET,DET,MIA,,,,,,PG
125062-113267,SF,Caleb,Caleb Martin,Martin,6.477777551721643,27,3900,PHI@DAL,DAL,PHI,,,,,,SF
125062-158854,SF/PF,Sam,Sam Hauser,Hauser,15.231249809265137,32,3900,BOS@SAC,BOS,SAC,,,,,,SF/PF
125062-173747,SF,Simone,Simone Fontecchio,Fontecchio,15.59032218686996,31,3900,MIA@DET,MIA,DET,,,,,,SF
125062-84689,SG/SF,Josh,Josh Okogie,Okogie,14.383333333333333,30,3900,HOU@BKN,HOU,BKN,,,,,,SG/SF
125062-171753,SG/SF,Tyrese,Tyrese Martin,Martin,16.48148148148148,27,3900,HOU@BKN,BKN,HOU,,,,,,SG/SF
125062-228107,SG/SF,Drake,Drake Powell,Powell,12.223810105096726,21,3800,HOU@BKN,BKN,HOU,,,,,,SG/SF
125062-228114,PG,Kasparas,Kasparas Jakucionis,Jakucionis,10.649999618530273,8,3800,MIA@DET,MIA,DET,,,,,,PG
125062-16196,C,Dwight,Dwight Powell,Powell,9.33750025431315,24,3800,PHI@DAL,DAL,PHI,,,,,,C
125062-112709,SF,Javonte,Javonte Green,Green,15.369697339607008,33,3800,MIA@DET,DET,MIA,,,,,,SF
125062-158856,PF/C,Trendon,Trendon Watford,Watford,20.371429443359375,14,3800,PHI@DAL,PHI,DAL,O,Thigh,,,,PF/C
125062-58312,PG,D'Angelo,D'Angelo Russell,Russell,18.87199951171875,25,3800,PHI@DAL,DAL,PHI,Q,Illness,,,,PG
125062-84719,PG,Aaron,Aaron Holiday,Holiday,10.191666920979818,24,3800,HOU@BKN,HOU,BKN,,,,,,PG
125062-228110,PG,Nolan,Nolan Traore,Traore,7.680000305175781,10,3700,HOU@BKN,BKN,HOU,,,,,,PG
125062-228108,PG,Ben,Ben Saraf,Saraf,12.40000025431315,12,3700,HOU@BKN,BKN,HOU,,,,,,PG
125062-203803,SF,Keshad,Keshad Johnson,Johnson,7.850000108991351,14,3700,MIA@DET,MIA,DET,,,,,,SF
125062-145329,C,Paul,Paul Reed,Reed,14.404000244140626,25,3700,MIA@DET,DET,MIA,,,,,,C
125062-97263,C,Drew,Drew Eubanks,Eubanks,11.684614915114183,26,3700,BOS@SAC,SAC,BOS,,,,,,C
125062-171764,PF,Jabari,Jabari Walker,Walker,10.286206475619611,29,3700,PHI@DAL,PHI,DAL,,,,,,PF
125062-203772,PF/SF,Justin,Justin Edwards,Edwards,11.42142813546317,28,3700,PHI@DAL,PHI,DAL,,,,,,SF/PF
125062-171776,PF/SF,Josh,Josh Minott,Minott,16.17142813546317,28,3600,BOS@SAC,BOS,SAC,,,,,,SF/PF
125062-171791,SG,Jaden,Jaden Hardy,Hardy,8.579166412353516,24,3600,PHI@DAL,DAL,PHI,,,,,,SG
125062-188442,SF,Jalen,Jalen Wilson,Wilson,7.128571283249628,21,3600,HOU@BKN,BKN,HOU,,,,,,SF
125062-18256,PF,Doug,Doug McDermott,McDermott,5.659999847412109,5,3600,BOS@SAC,SAC,BOS,,,,,,PF
125062-233063,C,Moussa,Moussa Cisse,Cisse,10.365000152587891,20,3600,PHI@DAL,DAL,PHI,,,,,,C
125062-145576,SF,Jae'Sean,Jae'Sean Tate,Tate,6.1421051025390625,19,3600,HOU@BKN,HOU,BKN,,,,,,SF
125062-203715,SG,Baylor,Baylor Scheierman,Scheierman,6.896428789411273,28,3600,BOS@SAC,BOS,SAC,,,,,,SG
125062-203733,PG,Devin,Devin Carter,Carter,8.70999984741211,10,3600,BOS@SAC,SAC,BOS,,,,,,PG
125062-171778,SF,Wendell,Wendell Moore,Moore,7.766666412353516,3,3500,MIA@DET,DET,MIA,Q,Hamstring,,,,SF
125062-203783,PF,Tyler,Tyler Smith,Smith,5.043478260869565,23,3500,HOU@BKN,HOU,BKN,,,,,,PF
125062-171783,PF,E.J.,E.J. Liddell,Liddell,3.5428570338657925,7,3500,HOU@BKN,BKN,HOU,,,,,,PF
125062-213259,PF,Tolu,Tolu Smith,Smith,19.100000381469727,2,3500,MIA@DET,DET,MIA,,,,,,PF
125062-203785,PF,Isaac,Isaac Jones,Jones,2.2249999046325684,4,3500,MIA@DET,DET,MIA,Q,Knee,,,,PF
125062-188425,C,Dereck,Dereck Lively,Lively,18.41428484235491,7,3500,PHI@DAL,DAL,PHI,O,Foot,,,,C
125062-203784,SF,Isaiah,Isaiah Crawford,Crawford,0,2,3500,HOU@BKN,HOU,BKN,,,,,,SF
125062-55055,PG,Dante,Dante Exum,Exum,16.027273004705254,22,3500,PHI@DAL,DAL,PHI,O,Knee,,,,PG
125062-55056,C,Dario,Dario Saric,Saric,2.6399999618530274,5,3500,BOS@SAC,SAC,BOS,,,,,,C
125062-171802,SG,MarJon,MarJon Beauchamp,Beauchamp,4.237142944335938,35,3500,PHI@DAL,PHI,DAL,,,,,,SG
125062-203813,PF,Bobi,Bobi Klintman,Klintman,7.200000127156575,6,3500,MIA@DET,DET,MIA,,,,,,PF
125062-231474,SF,Myron,Myron Gardner,Gardner,3.325000047683716,8,3500,MIA@DET,MIA,DET,,,,,,SF
125062-228145,SG,Chaz,Chaz Lanier,Lanier,6.271428789411273,14,3500,MIA@DET,DET,MIA,,,,,,SG
125062-228154,PG,Max,Max Shulga,Shulga,,0,3500,BOS@SAC,BOS,SAC,,,,,,PG
125062-179512,SF,Daeqwon,Daeqwon Plowden,Plowden,4.400000095367432,1,3500,BOS@SAC,SAC,BOS,,,,,,SF
125062-228153,C,Amari,Amari Williams,Williams,3.6499999364217124,6,3500,BOS@SAC,BOS,SAC,,,,,,C
125062-9535,PG,Kyle,Kyle Lowry,Lowry,4.220000076293945,5,3500,PHI@DAL,PHI,DAL,,,,,,PG
125062-172097,PG,Tyson,Tyson Etienne,Etienne,1.5625,8,3500,HOU@BKN,BKN,HOU,,,,,,PG
125062-228171,PF,Johni,Johni Broome,Broome,5.085714067731585,7,3500,PHI@DAL,PHI,DAL,,,,,,PF
125062-228175,C,Vladislav,Vladislav Goldin,Goldin,1.5,1,3500,MIA@DET,MIA,DET,,,,,,C
125062-228176,PG,Miles,Miles Kelly,Kelly,2.9000000953674316,2,3500,PHI@DAL,DAL,PHI,,,,,,PG
125062-9556,SG,Eric,Eric Gordon,Gordon,8.65000025431315,6,3500,PHI@DAL,PHI,DAL,,,,,,SG
125062-233066,SF,Chaney,Chaney Johnson,Johnson,,0,3500,HOU@BKN,BKN,HOU,,,,,,SF
125062-68203,C,Chris,Chris Boucher,Boucher,9.887499809265137,8,3500,BOS@SAC,BOS,SAC,Q,Personal,,,,C
125062-102025,SF,Haywood,Haywood Highsmith,Highsmith,16.439999389648438,80,3500,HOU@BKN,BKN,HOU,O,Knee,,,,SF
125062-171660,SF,Ron,Ron Harper,Harper,6.650000095367432,4,3500,BOS@SAC,BOS,SAC,,,,,,SF
125062-213394,PG,Isaiah,Isaiah Stevens,Stevens,1.8000000317891438,3,3500,BOS@SAC,SAC,BOS,,,,,,PG
125062-14498,PG,Kyrie,Kyrie Irving,Irving,40.49,50,3500,PHI@DAL,DAL,PHI,O,Knee,,,,PG
125062-80808,PF/SF,Jayson,Jayson Tatum,Tatum,48.775,80,3500,BOS@SAC,BOS,SAC,O,Achilles,,,,SF/PF
125062-9648,SF,Jeff,Jeff Green,Green,2.942857197352818,14,3500,HOU@BKN,HOU,BKN,,,,,,SF
125062-24247,PG,Fred,Fred VanVleet,VanVleet,31.417910447761194,67,3500,HOU@BKN,HOU,BKN,O,Knee,,,,PG
125062-213178,PG,Jahmir,Jahmir Young,Young,3.8799999237060545,5,3500,MIA@DET,MIA,DET,,,,,,PG
125062-145336,C,Xavier,Xavier Tillman,Tillman,7.936363913796165,11,3500,BOS@SAC,BOS,SAC,,,,,,C
125062-59358,C/PF,Domantas,Domantas Sabonis,Sabonis,39.04545454545455,11,3500,BOS@SAC,SAC,BOS,O,Knee,,,,PF/C
125062-171762,PG,JD,JD Davison,Davison,4.333333333333333,15,3500,HOU@BKN,HOU,BKN,,,,,,PG
125062-16376,PF/SF,Dorian,Dorian Finney-Smith,Finney-Smith,7.666666666666667,3,3500,HOU@BKN,HOU,BKN,,,,,,SF/PF